<WuKong>
    <!--WuClass name="Button" appCanCreateInstances="false">
    	<CreateInstance />
    </WuClass-->
    <WuClass name="Button" appCanCreateInstances="false">
        <CreateInstance />
    </WuClass>
    <WuClass name="Light_Actuator" appCanCreateInstances="false">
        <CreateInstance />
    </WuClass>
</WuKong>

    <!--<WuClass name="Button" appCanCreateInstances="false">
    	<CreateInstance />
    </WuClass-->
    <!--WuClass name="Light_Actuator" appCanCreateInstances="false">
    	<CreateInstance />
    </WuClass>
    <WuClass name="Slider" appCanCreateInstances="false">
    	<CreateInstance />
    </WuClass>
    <WuClass name="Sound_Sensor" appCanCreateInstances="false">
    	<CreateInstance />
    </WuClass>
    <WuClass name="Light_Sensor" appCanCreateInstances="false">
    	<CreateInstance />
    </WuClass>
    <WuClass name="Temperature_Sensor" appCanCreateInstances="false">
    	<CreateInstance />
    </WuClass>
    <WuClass name="Relay" appCanCreateInstances="false">
    	<CreateInstance />
    </WuClass>-->

    <!-- 192.168.0.101 is galileoPHONE -->
    <!--<WuClass name="Cabinet" appCanCreateInstances="false">
    	<CreateInstance />
    </WuClass>
    <WuClass name="Phone" appCanCreateInstances="false">
    	<CreateInstance />
    </WuClass>
    <WuClass name="IRremote_TV" appCanCreateInstances="false">
    	<CreateInstance />
    </WuClass>
    <WuClass name="ST_Switch" appCanCreateInstances="false">
        <CreateInstance />
    </WuClass>
    <WuClass name="ST_Presence" appCanCreateInstances="false">
        <CreateInstance />
    </WuClass>
    <WuClass name="Number" appCanCreateInstances="false">
        <CreateInstance />
    </WuClass-->

    <!-- 192.168.0.104 is galileoNUC -->
    <!--<WuClass name="User" appCanCreateInstances="false">
    	<CreateInstance />
    </WuClass>-->
    <!-- <WuClass name="Number" appCanCreateInstances="false">
    	<CreateInstance />
    </WuClass> -->
    <!--<WuClass name="Philip_Hue_Go" appCanCreateInstances="false">
    	<CreateInstance />
    </WuClass>-->

    <!-- 192.168.0.107 is galileoCABINET -->
    <!-- <WuClass name="Philip_Hue_Bulb_Actuator" appCanCreateInstances="false">
    	<CreateInstance />
    </WuClass>
    <WuClass name="Philip_Hue_Bloom_Actuator" appCanCreateInstances="false">
    	<CreateInstance />
    </WuClass>
    <WuClass name="Philip_Hue_Go_Actuator" appCanCreateInstances="false">
    	<CreateInstance />
    </WuClass>
    <WuClass name="Philip_Hue_Strip_Actuator" appCanCreateInstances="false">
    	<CreateInstance />
    </WuClass>

    <WuClass name="Philip_Hue_Bulb_Sensor" appCanCreateInstances="false">
        <CreateInstance />
    </WuClass>
    <WuClass name="Philip_Hue_Bloom_Sensor" appCanCreateInstances="false">
        <CreateInstance />
    </WuClass>
    <WuClass name="Philip_Hue_Go_Sensor" appCanCreateInstances="false">
        <CreateInstance />
    </WuClass>
    <WuClass name="Philip_Hue_Strip_Sensor" appCanCreateInstances="false">
        <CreateInstance />
    </WuClass> -->
    <!-- <WuClass name="MOSFET_Fan" appCanCreateInstances="false">
    	<CreateInstance />
    </WuClass>
    <WuClass name="Sonos" appCanCreateInstances="false">
    	<CreateInstance />
    </WuClass> -->

    <!-- 192.168.0.106 is edisonENTRANCE -->
    <!--<WuClass name="Cabinet" appCanCreateInstances="false">
    	<CreateInstance />
    </WuClass>-->
